-- phpMyAdmin SQL Dump
-- version 5.1.1
-- https://www.phpmyadmin.net/
--
-- Host: 127.0.0.1
-- Czas generowania: 17 Lis 2022, 15:53
-- Wersja serwera: 10.4.22-MariaDB
-- Wersja PHP: 8.1.2

SET SQL_MODE = "NO_AUTO_VALUE_ON_ZERO";
START TRANSACTION;
SET time_zone = "+00:00";


/*!40101 SET @OLD_CHARACTER_SET_CLIENT=@@CHARACTER_SET_CLIENT */;
/*!40101 SET @OLD_CHARACTER_SET_RESULTS=@@CHARACTER_SET_RESULTS */;
/*!40101 SET @OLD_COLLATION_CONNECTION=@@COLLATION_CONNECTION */;
/*!40101 SET NAMES utf8mb4 */;

--
-- Baza danych: `3ti_prog_ark1`
--
CREATE DATABASE IF NOT EXISTS `3ti_prog_ark1` DEFAULT CHARACTER SET utf8mb4 COLLATE utf8mb4_general_ci;
USE `3ti_prog_ark1`;

-- --------------------------------------------------------

--
-- Struktura tabeli dla tabeli `kategorie`
--

CREATE TABLE `kategorie` (
  `id` int(10) UNSIGNED NOT NULL,
  `nazwa` varchar(50) NOT NULL,
  `opis` text NOT NULL
) ENGINE=InnoDB DEFAULT CHARSET=utf8mb4;

--
-- Zrzut danych tabeli `kategorie`
--

INSERT INTO `kategorie` (`id`, `nazwa`, `opis`) VALUES
(1, 'Książka', ''),
(2, 'Muzyka', ''),
(3, 'Multimedia', ''),
(4, 'Sport', ''),
(5, 'Prasa', 'dsf dsf sdfsdfsfsfsf');

-- --------------------------------------------------------

--
-- Struktura tabeli dla tabeli `ogloszenie`
--

CREATE TABLE `ogloszenie` (
  `id` int(10) UNSIGNED NOT NULL,
  `uzytkownik_id` int(10) UNSIGNED NOT NULL,
  `kategoria` int(10) UNSIGNED DEFAULT NULL,
  `podkategoria` int(10) UNSIGNED DEFAULT NULL,
  `tytul` text DEFAULT NULL,
  `tresc` text DEFAULT NULL
) ENGINE=InnoDB DEFAULT CHARSET=latin1;

--
-- Zrzut danych tabeli `ogloszenie`
--

INSERT INTO `ogloszenie` (`id`, `uzytkownik_id`, `kategoria`, `podkategoria`, `tytul`, `tresc`) VALUES
(1, 1, 1, 12, 'Daniel Craig. Biografia', 'Biografia Daniela Craiga, niedrogo sprzedam'),
(2, 1, 1, 13, 'Selekcja', 'Sprzedam: \"Selekcja\" J. Kellermana, niezniszczona'),
(3, 2, 1, 13, 'Buick', 'Sprzedam horror Stephena Kinga w dobrym stanie'),
(4, 2, 1, 14, 'Tytus, Romek i Atomek', 'Ks. IV do sprzedania, stan dobry'),
(5, 2, 2, 0, 'Imagine Dragons', 'Sprzedam dwa CD Imagine Dragons');

-- --------------------------------------------------------

--
-- Struktura tabeli dla tabeli `uzytkownik`
--

CREATE TABLE `uzytkownik` (
  `id` int(10) UNSIGNED NOT NULL,
  `imie` text DEFAULT NULL,
  `nazwisko` text DEFAULT NULL,
  `telefon` text DEFAULT NULL,
  `email` text DEFAULT NULL
) ENGINE=InnoDB DEFAULT CHARSET=latin1;

--
-- Zrzut danych tabeli `uzytkownik`
--

INSERT INTO `uzytkownik` (`id`, `imie`, `nazwisko`, `telefon`, `email`) VALUES
(1, 'Anna', 'Kowalska', '601601601', 'anna@poczta.pl'),
(2, 'Jan', 'Nowak', '608608608', 'jan@poczta.pl');

--
-- Indeksy dla zrzutów tabel
--

--
-- Indeksy dla tabeli `kategorie`
--
ALTER TABLE `kategorie`
  ADD PRIMARY KEY (`id`);

--
-- Indeksy dla tabeli `ogloszenie`
--
ALTER TABLE `ogloszenie`
  ADD PRIMARY KEY (`id`),
  ADD KEY `ogloszenia_uzytkownicy` (`uzytkownik_id`),
  ADD KEY `ogloszenia_kategorie` (`kategoria`);

--
-- Indeksy dla tabeli `uzytkownik`
--
ALTER TABLE `uzytkownik`
  ADD PRIMARY KEY (`id`);

--
-- AUTO_INCREMENT dla zrzuconych tabel
--

--
-- AUTO_INCREMENT dla tabeli `kategorie`
--
ALTER TABLE `kategorie`
  MODIFY `id` int(10) UNSIGNED NOT NULL AUTO_INCREMENT, AUTO_INCREMENT=6;

--
-- AUTO_INCREMENT dla tabeli `ogloszenie`
--
ALTER TABLE `ogloszenie`
  MODIFY `id` int(10) UNSIGNED NOT NULL AUTO_INCREMENT, AUTO_INCREMENT=6;

--
-- AUTO_INCREMENT dla tabeli `uzytkownik`
--
ALTER TABLE `uzytkownik`
  MODIFY `id` int(10) UNSIGNED NOT NULL AUTO_INCREMENT, AUTO_INCREMENT=3;

--
-- Ograniczenia dla zrzutów tabel
--

--
-- Ograniczenia dla tabeli `ogloszenie`
--
ALTER TABLE `ogloszenie`
  ADD CONSTRAINT `ogloszenia_kategorie` FOREIGN KEY (`kategoria`) REFERENCES `kategorie` (`id`),
  ADD CONSTRAINT `ogloszenia_uzytkownicy` FOREIGN KEY (`uzytkownik_id`) REFERENCES `uzytkownik` (`id`);
COMMIT;

/*!40101 SET CHARACTER_SET_CLIENT=@OLD_CHARACTER_SET_CLIENT */;
/*!40101 SET CHARACTER_SET_RESULTS=@OLD_CHARACTER_SET_RESULTS */;
/*!40101 SET COLLATION_CONNECTION=@OLD_COLLATION_CONNECTION */;
